{
    "v4l2-settings":{
        "brighness":100,
        "contrast":20,
        "saturation":100,
        "hue":0,
        "gamma":80,
        "gain":32,
        "format":"MJPG",
        "resolution":{
            "width":640,
            "height":360
        },
        "fps":240
    },
    "color-threshold":{
        "blue-ball":{
            "low-threshold":[0,133,127],
            "high-threshold":[9,255,255]
        }
    },
    "intrinsic-matrix":[5.0943711058390852e+02, 0, 320, 0, 5.0943711058390852e+02, 180, 0, 0, 1]
}