{
    "v4l2-settings":{
        "brighness":100,
        "contrast":20,
        "saturation":50,
        "hue":-2000,
        "gamma":80,
        "gain":32,
        "format":"MJPG",
        "resolution":{
            "width":640,
            "height":360
        },
        "fps":60
    },
    "color-threshold":{
        "blue-ball":{
            "low-threshold":[56,45,78],
            "high-threshold":[79,156,190]
        }
    },
    "intrinsic-matrix":[5.0943711058390852e+02, 0, 320, 0, 5.0943711058390852e+02, 180, 0, 0, 1]
}